<addon id="plugin.video.wutu" name="[COLOR lime]Wutu[/COLOR]" provider-name="wutu" version="0.0.9">
	<requires>
		<import addon="xbmc.python" version="3.0.0" />
		<import addon="context.wutu" version="0.0.4" />
		<import addon="script.module.myaccounts" version="2.0.6" />
		<import addon="script.module.ezscrapers" version="0.1.1"/>
		<import addon="script.module.requests" version="2.19.1" />
		<import addon="script.module.beautifulsoup4" />
		<import addon="script.module.metahandler" optional="true" />
	</requires>
	<extension point="xbmc.python.pluginsource" library="wutu.py">
		<provides>video</provides>
	</extension>
	<extension point="xbmc.service" library="service.py" start="startup" />
	<extension point="xbmc.python.module" library="resources/lib/" />
	<extension point="xbmc.addon.metadata">
		<reuselanguageinvoker>true</reuselanguageinvoker>
		<summary lang="en">From the mouth of the snake..</summary>
		<description lang="en">[B][COLOR lime]Wutu[/COLOR][/B] is a highly venomous pit viper species found in South America. This addon searches the internet for freely available media (We do not host any of the contents streamed.)</description>
		<platform>all</platform>
		<license>GNU GENERAL PUBLIC LICENSE. Version 3, 29 June 2007</license>
		<disclaimer lang="en">[B][COLOR lime]Wutu[/COLOR][/B][CR] This addon does not form part of the Kodi Media Centre. Please do not seek assistance with this addon from any of the Official Kodi Support Channels.[CR] The author of this addon does not host any of the content which is found and have no affiliation with any of the content providers. This addon simply searches freely available websites for content.</disclaimer>
		<assets>
			<icon>icon.png</icon>
			<fanart>fanart.png</fanart>
		</assets>
		<news>
		</news>
	</extension>
</addon>
