<?xml version="1.0" encoding="UTF-8" standalone="yes"?>
<addon id="repository.juic3b0x" name="juic3b0x Repository" version="0.0.3" provider-name="Ezra-Hubbard">
    <extension point="xbmc.addon.repository" name="juic3b0x Repository">
        <dir>
            <info compressed="false">https://raw.githubusercontent.com/juic3b0x/repository.juic3b0x/master/repo/zips/addons.xml</info>
            <checksum>https://raw.githubusercontent.com/juic3b0x/repository.juic3b0x/master/repo/zips/addons.xml.md5</checksum>
            <datadir zip="true">https://raw.githubusercontent.com/juic3b0x/repository.juic3b0x/master/repo/zips/</datadir>
        </dir>
    </extension>
    <extension point="xbmc.addon.metadata">
        <summary>juic3b0x</summary>
        <description>From the pen of juic3b0x</description>
        <disclaimer></disclaimer>
        <platform>all</platform>
        <assets>
            <icon>icon.png</icon>
            <fanart>fanart.jpg</fanart>
        </assets>
    </extension>
</addon>
